model,pc,step,aic,bic,loglik,icc,var_u,var_eps,lrt_vs_null,p_lrt,beta_L2,beta_Male,p_L2,p_Male,r2m,r2c,lrt_vs_main,beta_L2xMale,p_L2xMale,lrt_vs_full
Whisper_L4,PC1,null,23429.16,23450.23,-11711.5815,0.0625,0.0657,0.985,,,,,,,,,,,,
Whisper_L4,PC1,main,23431.84,23466.95,-11710.9205,,,,1.322,0.516346,-0.1105,0.037,0.435463,0.793789,0.0573,0.1123,,,,
Whisper_L4,PC1,full,23433.47,23475.6,-11710.7355,,,,,0.542976,,,,,0.0573,0.1114,0.37,-0.1716,0.540965,
Whisper_L4,PC1,extended,20431.3,20487.47,-10207.6519,,,,,,,,,,0.3294,0.382,,,,3006.167
Whisper_L4,PC2,null,23855.39,23876.45,-11924.6958,0.016,0.0169,1.0402,,,,,,,,,,,,
Whisper_L4,PC2,main,23855.76,23890.87,-11922.8814,,,,3.629,0.162939,-0.0429,-0.1354,0.545658,0.056718,0.0139,0.0266,,,,
Whisper_L4,PC2,full,23856.96,23899.09,-11922.4811,,,,,0.370896,,,,,0.0139,0.026,0.801,-0.1258,0.365674,
Whisper_L4,PC2,extended,23697.26,23753.43,-11840.6325,,,,,,,,,,0.0331,0.0453,,,,163.697
Whisper_L4,PC3,null,22068.78,22089.85,-11031.3922,0.1545,0.1524,0.8338,,,,,,,,,,,,
Whisper_L4,PC3,main,22064.14,22099.24,-11027.0679,,,,8.649,0.013243,-0.3283,0.2034,0.062286,0.248147,0.1387,0.2276,,,,
Whisper_L4,PC3,full,22066.06,22108.19,-11027.0303,,,,,0.783941,,,,,0.1387,0.2273,0.075,-0.0965,0.783729,
Whisper_L4,PC3,extended,21962.81,22018.97,-10973.4035,,,,,,,,,,0.1487,0.2375,,,,107.254
Whisper_L4,PC4,null,20848.36,20869.43,-10421.1822,0.2216,0.2047,0.7187,,,,,,,,,,,,
Whisper_L4,PC4,main,20824.04,20859.14,-10407.0186,,,,28.327,1e-06,0.2532,-0.6273,0.036892,0.0,0.2096,0.256,,,,
Whisper_L4,PC4,full,20823.77,20865.9,-10405.8864,,,,,0.13238,,,,,0.2108,0.252,2.264,0.3545,0.120964,
Whisper_L4,PC4,extended,20802.21,20858.38,-10393.1062,,,,,,,,,,0.2131,0.2542,,,,25.56
Whisper_L4,PC5,null,23133.55,23154.61,-11563.7739,0.0126,0.0122,0.9538,,,,,,,,,,,,
Whisper_L4,PC5,main,23128.23,23163.34,-11559.1169,,,,9.314,0.009496,-0.0538,0.1118,0.30826,0.034191,0.0108,0.0176,,,,
Whisper_L4,PC5,full,23129.84,23171.97,-11558.9205,,,,,0.530785,,,,,0.0108,0.0174,0.393,0.0659,0.528644,
Whisper_L4,PC5,extended,23130.08,23186.24,-11557.0382,,,,,,,,,,0.0112,0.0178,,,,3.765
Whisper_L20,PC1,null,23909.14,23930.2,-11951.5694,0.016,0.0171,1.047,,,,,,,,,,,,
Whisper_L20,PC1,main,23910.05,23945.15,-11950.0233,,,,3.092,0.213074,-0.0167,-0.1171,0.817537,0.105843,0.014,0.0271,,,,
Whisper_L20,PC1,full,23911.39,23953.52,-11949.6948,,,,,0.417638,,,,,0.014,0.0266,0.657,-0.1164,0.413656,
Whisper_L20,PC1,extended,23475.58,23531.75,-11729.7905,,,,,,,,,,0.0646,0.077,,,,439.809
Whisper_L20,PC2,null,22739.26,22760.32,-11366.6294,0.0294,0.0275,0.9078,,,,,,,,,,,,
Whisper_L20,PC2,main,22742.92,22778.02,-11366.4588,,,,0.341,0.843134,0.0456,-0.0005,0.634225,0.995586,0.0265,0.0545,,,,
Whisper_L20,PC2,full,22743.46,22785.59,-11365.731,,,,,0.227651,,,,,0.0266,0.0524,1.455,0.227,0.218632,
Whisper_L20,PC2,extended,21064.81,21120.98,-10524.405,,,,,,,,,,0.2016,0.227,,,,1682.652
Whisper_L20,PC3,null,22128.67,22149.74,-11061.3371,0.0334,0.0292,0.843,,,,,,,,,,,,
Whisper_L20,PC3,main,22123.08,22158.19,-11056.5414,,,,9.592,0.008265,0.1481,-0.1012,0.05488,0.189688,0.031,0.0499,,,,
Whisper_L20,PC3,full,22125.08,22167.21,-11056.5412,,,,,0.98588,,,,,0.031,0.0499,0.0,0.0027,0.98588,
Whisper_L20,PC3,extended,21072.13,21128.3,-10528.0662,,,,,,,,,,0.1453,0.1642,,,,1056.95
Whisper_L20,PC4,null,23096.54,23117.6,-11545.2677,0.0391,0.0386,0.9472,,,,,,,,,,,,
Whisper_L20,PC4,main,23086.02,23121.12,-11538.0091,,,,14.517,0.000704,0.1996,-0.1311,0.009991,0.090699,0.0365,0.0533,,,,
Whisper_L20,PC4,full,23087.76,23129.88,-11537.8794,,,,,0.610536,,,,,0.0365,0.053,0.259,-0.0787,0.609293,
Whisper_L20,PC4,extended,22493.28,22549.44,-11238.638,,,,,,,,,,0.1028,0.1195,,,,598.483
Whisper_L20,PC4,random_slope,23091.74,23147.9,-11537.8685,,,,,0.98912,,,,,,,,,,0.022
Whisper_L20,PC5,null,23588.45,23609.51,-11791.2231,0.0311,0.0323,1.0058,,,,,,,,,,,,
Whisper_L20,PC5,main,23585.97,23621.08,-11787.987,,,,6.472,0.039317,-0.1716,0.044,0.052144,0.618412,0.0284,0.0495,,,,
Whisper_L20,PC5,full,23587.93,23630.06,-11787.9653,,,,,0.83496,,,,,0.0284,0.0495,0.043,-0.0368,0.834856,
Whisper_L20,PC5,extended,23506.9,23563.07,-11745.4498,,,,,,,,,,0.0382,0.0591,,,,85.031
XLSR_L4,PC1,null,6883.54,6904.6,-3438.7695,0.0148,0.002,0.1338,,,,,,,,,,,,
XLSR_L4,PC1,main,6881.12,6916.23,-3435.5611,,,,6.417,0.04042,0.0479,-0.0061,0.036351,0.790831,0.0129,0.0227,,,,
XLSR_L4,PC1,full,6882.29,6924.41,-3435.1427,,,,,0.360312,,,,,0.0129,0.0222,0.837,-0.0414,0.354933,
XLSR_L4,PC1,extended,6197.28,6253.45,-3090.6395,,,,,,,,,,0.0913,0.101,,,,689.006
XLSR_L4,PC2,null,19235.08,19256.15,-9614.5419,0.0134,0.0081,0.5954,,,,,,,,,,,,
XLSR_L4,PC2,main,19233.52,19268.63,-9611.7622,,,,5.559,0.062058,0.0068,-0.0941,0.886142,0.046612,0.0115,0.0209,,,,
XLSR_L4,PC2,full,19235.52,19277.65,-9611.76,,,,,0.946847,,,,,0.0115,0.0209,0.004,0.0063,0.946846,
XLSR_L4,PC2,extended,11093.47,11149.63,-5538.7327,,,,,,,,,,0.6255,0.6356,,,,8146.055
XLSR_L4,PC3,null,18303.95,18325.01,-9148.9727,0.0109,0.0059,0.5322,,,,,,,,,,,,
XLSR_L4,PC3,main,18307.6,18342.71,-9148.8007,,,,0.344,0.841995,-0.0085,-0.0264,0.857077,0.574082,0.009,0.0196,,,,
XLSR_L4,PC3,full,18306.27,18348.4,-9147.1364,,,,,0.068085,,,,,0.0091,0.0176,3.329,0.1644,0.056537,
XLSR_L4,PC3,extended,10747.63,10803.8,-5365.8137,,,,,,,,,,0.5977,0.6081,,,,7562.645
XLSR_L4,PC4,null,11276.51,11297.57,-5635.2551,0.1097,0.0279,0.2265,,,,,,,,,,,,
XLSR_L4,PC4,main,11263.78,11298.89,-5626.8905,,,,16.729,0.000233,0.0501,-0.2262,0.411964,0.000215,0.1028,0.1453,,,,
XLSR_L4,PC4,full,11265.78,11307.91,-5626.8904,,,,,0.986085,,,,,0.1028,0.1453,0.0,0.0021,0.986085,
XLSR_L4,PC4,extended,6763.09,6819.26,-3373.5459,,,,,,,,,,0.4622,0.5059,,,,4506.689
XLSR_L4,PC5,null,13660.2,13681.27,-6827.1025,0.0524,0.0168,0.3026,,,,,,,,,,,,
XLSR_L4,PC5,main,13657.46,13692.57,-6823.7307,,,,6.744,0.034328,-0.0061,0.141,0.921969,0.023534,0.0484,0.0834,,,,
XLSR_L4,PC5,full,13658.88,13701.01,-6823.4416,,,,,0.447039,,,,,0.0485,0.0823,0.578,-0.094,0.443496,
XLSR_L4,PC5,extended,12435.27,12491.44,-6209.6362,,,,,,,,,,0.1754,0.2099,,,,1227.611
XLSR_L12,PC1,null,14165.87,14186.93,-7079.9344,0.0193,0.0063,0.3224,,,,,,,,,,,,
XLSR_L12,PC1,main,14166.73,14201.83,-7078.3639,,,,3.141,0.207944,0.0726,0.0135,0.095576,0.756254,0.0171,0.0328,,,,
XLSR_L12,PC1,full,14168.41,14210.54,-7078.2058,,,,,0.573955,,,,,0.0171,0.0325,0.316,0.0488,0.572305,
XLSR_L12,PC1,extended,11589.85,11646.02,-5786.9245,,,,,,,,,,0.277,0.2937,,,,2582.563
XLSR_L12,PC2,null,18734.55,18755.61,-9364.2738,0.0066,0.0037,0.5612,,,,,,,,,,,,
XLSR_L12,PC2,main,18738.18,18773.29,-9364.0911,,,,0.366,0.832974,0.0068,0.0227,0.8634,0.565279,0.0049,0.0113,,,,
XLSR_L12,PC2,full,18740.16,18782.29,-9364.0814,,,,,0.889468,,,,,0.0049,0.0113,0.019,0.011,0.889436,
XLSR_L12,PC2,extended,15283.3,15339.47,-7633.651,,,,,,,,,,0.3434,0.3512,,,,3460.861
XLSR_L12,PC3,null,7617.53,7638.59,-3805.7649,0.0151,0.0022,0.1462,,,,,,,,,,,,
XLSR_L12,PC3,main,7621.15,7656.26,-3805.5767,,,,0.377,0.828401,0.008,0.0173,0.777262,0.541449,0.0129,0.0274,,,,
XLSR_L12,PC3,full,7622.8,7664.92,-3805.399,,,,,0.551068,,,,,0.0129,0.0271,0.355,0.0336,0.549213,
XLSR_L12,PC3,extended,7216.58,7272.75,-3600.2886,,,,,,,,,,0.0601,0.0744,,,,410.221
XLSR_L12,PC4,null,13757.13,13778.2,-6875.5662,0.0145,0.0045,0.3071,,,,,,,,,,,,
XLSR_L12,PC4,main,13760.6,13795.71,-6875.3014,,,,0.53,0.767308,-0.029,-0.0127,0.470015,0.751536,0.0124,0.0263,,,,
XLSR_L12,PC4,full,13760.37,13802.5,-6874.1849,,,,,0.135088,,,,,0.0125,0.0246,2.233,0.1166,0.123764,
XLSR_L12,PC4,extended,12127.59,12183.75,-6055.7928,,,,,,,,,,0.1881,0.2005,,,,1636.784
XLSR_L12,PC5,null,20834.44,20855.5,-10414.2208,0.0118,0.0086,0.7225,,,,,,,,,,,,
XLSR_L12,PC5,main,20835.6,20870.71,-10412.8017,,,,2.838,0.241914,0.0028,-0.074,0.95826,0.162185,0.0099,0.0196,,,,
XLSR_L12,PC5,full,20837.47,20879.6,-10412.7351,,,,,0.715277,,,,,0.0099,0.0195,0.133,-0.0385,0.714747,
XLSR_L12,PC5,extended,17147.55,17203.72,-8565.7768,,,,,,,,,,0.3636,0.3741,,,,3693.917
XLSR_L20,PC1,null,16335.84,16356.9,-8164.9201,0.0983,0.0455,0.4175,,,,,,,,,,,,
XLSR_L20,PC1,main,16317.65,16352.75,-8153.8231,,,,22.194,1.5e-05,0.0262,0.3729,0.698789,0.0,0.0933,0.1217,,,,
XLSR_L20,PC1,full,16319.41,16361.53,-8153.7026,,,,,0.623437,,,,,0.0934,0.1214,0.241,-0.0663,0.622338,
XLSR_L20,PC1,extended,16183.61,16239.78,-8083.8071,,,,,,,,,,0.1081,0.1362,,,,139.791
XLSR_L20,PC2,null,24531.35,24552.42,-12262.6763,0.005,0.0056,1.1312,,,,,,,,,,,,
XLSR_L20,PC2,main,24523.41,24558.52,-12256.7054,,,,11.942,0.002552,-0.0996,0.0363,0.007673,0.332028,0.004,0.0056,,,,
XLSR_L20,PC2,full,24523.77,24565.9,-12255.8863,,,,,0.200561,,,,,0.0041,0.0054,1.638,0.0936,0.190891,
XLSR_L20,PC2,extended,16975.38,17031.54,-8479.6881,,,,,,,,,,0.5995,0.6022,,,,7552.396
XLSR_L20,PC3,null,19223.83,19244.9,-9608.9168,0.329,0.2892,0.5899,,,,,,,,,,,,
XLSR_L20,PC3,main,19196.65,19231.76,-9593.3267,,,,31.18,0.0,-0.1586,0.869,0.234968,0.0,0.3079,0.3668,,,,
XLSR_L20,PC3,full,19198.49,19240.61,-9593.2426,,,,,0.681796,,,,,0.308,0.3665,0.168,0.1093,0.681116,
XLSR_L20,PC3,extended,18386.47,18442.64,-9185.2374,,,,,,,,,,0.3674,0.4267,,,,816.01
XLSR_L20,PC4,null,21422.71,21443.78,-10708.3573,0.0357,0.0287,0.7739,,,,,,,,,,,,
XLSR_L20,PC4,main,21419.51,21454.61,-10704.753,,,,7.209,0.027207,-0.109,0.1121,0.179572,0.167678,0.033,0.0563,,,,
XLSR_L20,PC4,full,21417.76,21459.89,-10702.8815,,,,,0.053031,,,,,0.0332,0.052,3.743,0.2995,0.041912,
XLSR_L20,PC4,extended,7506.01,7562.17,-3745.0031,,,,,,,,,,0.8036,0.8251,,,,13915.757
XLSR_L20,PC5,null,16612.21,16633.27,-8303.1046,0.2211,0.1223,0.4308,,,,,,,,,,,,
XLSR_L20,PC5,main,16587.36,16622.47,-8288.6804,,,,28.848,1e-06,-0.1506,0.522,0.103398,0.0,0.2093,0.2543,,,,
XLSR_L20,PC5,full,16589.19,16631.31,-8288.5945,,,,,0.678525,,,,,0.2094,0.254,0.172,0.0765,0.677864,
XLSR_L20,PC5,extended,14252.81,14308.98,-7118.4052,,,,,,,,,,0.3938,0.4384,,,,2340.379
